{
  "elev_min": 1532.21,
  "elev_max": 2302.0801,
  "width_px": 2116,
  "height_px": 2136,
  "res_m": 1.000041113,
  "bounds_wgs84": {
    "west": 20.0069023,
    "south": 49.2170569,
    "east": 20.0355683,
    "north": 49.2365346
  }
}