{
  "elev_min": 1534.41,
  "elev_max": 2302.0801,
  "width_px": 1469,
  "height_px": 1947,
  "res_m": 1.0000672686,
  "bounds_wgs84": {
    "west": 20.0017161047577,
    "south": 49.2188362961219,
    "east": 20.0222545526246,
    "north": 49.2365304222403
  }
}