{
  "elev_min": 1623.3199,
  "elev_max": 2161.3101,
  "width_px": 785,
  "height_px": 1017,
  "res_m": 0.9999801569,
  "bounds_wgs84": {
    "west": 20.0080115989863,
    "south": 49.2221995200785,
    "east": 20.0189765994448,
    "north": 49.231447711263
  }
}