{
  "elev_min": 1623.37,
  "elev_max": 2161.31,
  "width_px": 1461,
  "height_px": 817,
  "res_m": 1.0001648761930286,
  "bounds_wgs84": {
    "west": 20.005382,
    "south": 49.221589,
    "east": 20.025604,
    "north": 49.229117
  }
}