{
  "elev_min": 1443.97,
  "elev_max": 2302.0801,
  "width_px": 1569,
  "height_px": 2836,
  "res_m": 1.0000069225,
  "bounds_wgs84": {
    "west": 20.0021672335561,
    "south": 49.2166649243629,
    "east": 20.023729505103,
    "north": 49.2423647606394
  }
}