{
  "elev_min": 1967.79,
  "elev_max": 2235.99,
  "width_px": 454,
  "height_px": 343,
  "res_m": 1.000719603524176,
  "bounds_wgs84": {
    "west": 20.020126784357707,
    "south": 49.21752618075247,
    "east": 20.026430309869127,
    "north": 49.22066716732994
  }
}